{"cameraMode":{"drawMode":0,"name":"Shaded","section":"Shading Mode"},"sceneLighting":true,"audioPlay":false,"sceneViewState":{"showFog":true,"showMaterialUpdate":false,"showSkybox":true,"showFlares":true,"showImageEffects":true,"showParticleSystems":true},"in2DMode":false,"pivot":{"x":-2.424999952316284,"y":1.444000005722046,"z":-1.6562241315841675},"rotation":{"x":0.323058545589447,"y":0.29006490111351015,"z":-0.10473074018955231,"w":0.8947305679321289},"size":17.972450256347658,"orthographic":false}