{"cameraMode":{"drawMode":0,"name":"Shaded","section":"Shading Mode"},"sceneLighting":true,"audioPlay":false,"sceneViewState":{"showFog":true,"showMaterialUpdate":false,"showSkybox":true,"showFlares":true,"showImageEffects":true,"showParticleSystems":true},"in2DMode":false,"pivot":{"x":10.831517219543457,"y":0.9285273551940918,"z":-1.4663772583007813},"rotation":{"x":0.03333992883563042,"y":0.8818212151527405,"z":-0.06306727975606919,"w":0.4661656320095062},"size":20.933916091918947,"orthographic":false}