{"cameraMode":{"drawMode":0,"name":"Shaded","section":"Shading Mode"},"sceneLighting":true,"audioPlay":false,"sceneViewState":{"showFog":true,"showMaterialUpdate":false,"showSkybox":true,"showFlares":true,"showImageEffects":true,"showParticleSystems":true},"in2DMode":false,"pivot":{"x":-1.4222580194473267,"y":0.7558012008666992,"z":2.034332275390625},"rotation":{"x":0.10914669185876847,"y":-0.26214680075645449,"z":0.02985294722020626,"w":0.9583792686462402},"size":10.253728866577149,"orthographic":true}