{"cameraMode":{"drawMode":0,"name":"Shaded","section":"Shading Mode"},"sceneLighting":false,"audioPlay":false,"sceneViewState":{"showFog":true,"showMaterialUpdate":false,"showSkybox":false,"showFlares":true,"showImageEffects":true,"showParticleSystems":true},"in2DMode":false,"pivot":{"x":-0.29143378138542178,"y":-0.40248286724090578,"z":0.14123907685279847},"rotation":{"x":0.011977904476225376,"y":-0.059959013015031818,"z":0.0007195193320512772,"w":0.9981287121772766},"size":0.34376731514930727,"orthographic":false}